Club,Elo,Country
Manchester City,2386,ENG
Real Madrid,2335,ESP
Inter,2314,ITA
Liverpool FC,2266,ENG
Arsenal FC,2232,ENG
Bayer Leverkusen,2222,DEU
Bayern München,2221,DEU
Paris Saint-Germain,2216,FRA
Atlético Madrid,2187,ESP
Borussia Dortmund,2159,DEU
PSV Eindhoven,2157,NLD
FC Barcelona,2150,ESP
RB Leipzig,2142,DEU
SL Benfica,2142,PRT
Real Sociedad,2134,ESP
FC Porto,2126,PRT
Sporting CP,2118,PRT
Athletic Bilbao,2117,ESP
Juventus,2116,ITA
AC Milan,2116,ITA
Brighton & Hove Albion,2102,ENG
Girona FC,2099,ESP
Manchester United,2096,ENG
Tottenham Hotspur,2096,ENG
SSC Napoli,2094,ITA
Newcastle United,2093,ENG
Aston Villa,2090,ENG
Atalanta,2090,ITA
Chelsea FC,2067,ENG
VfB Stuttgart,2059,DEU
Slavia Praha,2056,CZE
Lazio Roma,2054,ITA
AS Roma,2052,ITA
Galatasaray,2045,TUR
RC Lens,2044,FRA
Feyenoord,2036,NLD
Fenerbahçe,2029,TUR
Lille OSC,2022,FRA
Bologna FC,2020,ITA
Wolverhampton Wanderers,2018,ENG
West Ham United,2018,ENG
Stade Rennais,2018,FRA
AC Sparta Praha,2012,CZE
Union Saint-Gilloise,2011,BEL
RB Salzburg,2008,AUT
Olympique Marseille,2008,FRA
Real Betis,1999,ESP
Rangers FC,1993,SCO
Club Brugge KV,1990,BEL
Villarreal CF,1989,ESP
OGC Nice,1987,FRA
ACF Fiorentina,1985,ITA
Eintracht Frankfurt,1980,DEU
Torino FC,1978,ITA
Brentford FC,1978,ENG
Everton FC,1974,ENG
AS Monaco,1974,FRA
Leicester City,1973,ENG
Sevilla FC,1971,ESP
Valencia CF,1969,ESP
Shakhtar Donetsk,1964,UKR
SC Freiburg,1964,DEU
AFC Bournemouth,1959,ENG
Celtic FC,1957,SCO
Fulham FC,1953,ENG
BSC Young Boys,1952,SUI
Stade Brestois,1951,FRA
PAOK Saloniki,1947,GRC
Getafe CF,1945,ESP
Olympiakos Piraeus,1944,GRC
FK Bodø/Glimt,1940,NOR
AEK Athen,1940,GRC
Sporting Braga,1940,PRT
1. FC Union Berlin,1939,DEU
VfL Wolfsburg,1937,DEU
RCD Mallorca,1936,ESP
RSC Anderlecht,1934,BEL
Crystal Palace,1934,ENG
Bor. Mönchengladbach,1933,DEU
Leeds United,1933,ENG
CA Osasuna,1933,ESP
FC København,1930,DNK
Olympique Lyon,1928,FRA
AC Monza,1925,ITA
AFC Ajax,1925,NLD
RC Celta,1919,ESP
UD Las Palmas,1916,ESP
Panathinaikos,1916,GRC
Royal Antwerp FC,1913,BEL
Crvena Zvezda,1912,SRB
Viktoria Plzen,1911,CZE
Werder Bremen,1909,DEU
1899 Hoffenheim,1908,DEU
Rayo Vallecano,1907,ESP
FC Twente,1903,NLD
VfL Bochum,1901,DEU
Nottingham Forest,1901,ENG
CD Alavés,1899,ESP
Maccabi Haifa,1892,ISR
RC Strasbourg,1887,FRA
Southampton FC,1887,ENG
Sturm Graz,1884,AUT
Udinese Calcio,1884,ITA
Genoa CFC,1880,ITA
Stade Reims,1878,FRA
Dinamo Zagreb,1877,HRV
Toulouse FC,1876,FRA
Maccabi Tel Aviv,1872,ISR
Qarabag FK,1871,AZE
1. FC Köln,1869,DEU
1. FC Heidenheim 1846,1869,DEU
KRC Genk,1868,BEL
FC Midtjylland,1865,DNK
1. FSV Mainz 05,1865,DEU
PFC Ludogorets Razgrad,1864,BGR
KAA Gent,1864,BEL
Burnley FC,1863,ENG
FC St. Pauli,1861,DEU
Ferencvárosi TC,1856,HUN
Montpellier HSC,1856,FRA
FC Augsburg,1854,DEU
FC Nordsjælland,1851,DNK
Luton Town,1846,ENG
Sassuolo Calcio,1845,ITA
Cádiz CF,1844,ESP
Empoli FC,1842,ITA
Vitória Guimarães,1841,PRT
Hajduk Split,1837,HRV
AZ,1837,NLD
Molde FK,1836,NOR
Espanyol Barcelona,1836,ESP
FCSB,1836,ROU
IF Elfsborg,1834,SWE
Servette FC,1834,SUI
Ipswich Town,1831,ENG
Raków Czestochowa,1829,POL
AJ Auxerre,1827,FRA
Besiktas,1826,TUR
SD Eibar,1825,ESP
FC Lorient,1823,FRA
US Lecce,1822,ITA
Lech Poznan,1821,POL
Malmö FF,1821,SWE
Brøndby IF,1820,DNK
CSKA Sofia,1819,BGR
Hamburger SV,1814,DEU
Hellas Verona,1814,ITA
Coventry City,1813,ENG
SK Brann,1812,NOR
1. FC Slovácko,1812,CZE
Dinamo Kiev,1811,UKR
Real Valladolid,1811,ESP
Aris Saloniki,1809,GRC
Elche CF,1808,ESP
Havre AC,1808,FRA
Slovan Bratislava,1808,SVK
Frosinone Calcio,1807,ITA
CD Leganés,1807,ESP
Fortuna Düsseldorf,1807,DEU
Cercle Brugge,1807,BEL
Granada CF,1806,ESP
Trabzonspor,1805,TUR
Moreirense FC,1804,PRT
Parma Calcio 1913,1804,ITA
FC Zürich,1802,SUI
Levante UD,1802,ESP
Sheffield United,1802,ENG
Real Oviedo,1801,ESP
HNK Rijeka,1801,HRV
LASK,1797,AUT
SK Dnipro-1,1796,UKR
FC Nantes,1795,FRA
Holstein Kiel,1794,DEU
Clermont Foot 63,1793,FRA
Rapid Wien,1791,AUT
Istanbul Basaksehir,1790,TUR
Aarhus GF,1789,DNK
CFR Cluj,1789,ROU
UD Almería,1789,ESP
Hapoel Beer Sheva,1788,ISR
Rapid Bucuresti,1788,ROU
FC Arouca,1782,PRT
Cagliari Calcio,1781,ITA
Partizan,1780,SRB
US Cremonese,1780,ITA
Pogon Szczecin,1777,POL
FC Metz,1776,FRA
Hertha BSC,1769,DEU
FC Lugano,1767,SUI
Legia Warszawa,1766,POL
BK Häcken,1766,SWE
FC Utrecht,1764,NLD
US Salernitana 1919,1763,ITA
Sporting Gijón,1763,ESP
KV Mechelen,1762,BEL
SC Paderborn 07,1760,DEU
Middlesbrough FC,1759,ENG
Sigma Olomouc,1758,CZE
SV Darmstadt 98,1757,DEU
Norwich City,1757,ENG
Tromsø IL,1756,NOR
Levski Sofia,1754,BGR
Djurgårdens IF,1754,SWE
West Bromwich Albion,1753,ENG
FC Famalicão,1752,PRT
Baník Ostrava,1751,CZE
Paksi SE,1750,HUN
Jagiellonia Bialystok,1750,POL
FC Basel,1747,SUI
CS Universitatea Craiova,1747,ROU
Heart of Midlothian,1747,SCO
Adana Demirspor,1746,TUR
Hammarby IF,1744,SWE
CD Tenerife,1744,ESP
Austria Wien,1743,AUT
Slovan Liberec,1742,CZE
FC St. Gallen,1742,SUI
Fehérvár FC,1741,HUN
Cherno More Varna,1741,BGR
Silkeborg IF,1740,DNK
Hannover 96,1738,DEU
Bristol City,1738,ENG
APOEL Nikosia,1737,CYP
NK Celje,1736,SVN
Sint-Truidense VV,1735,BEL
Viking FK,1732,NOR
Puskás FC,1732,HUN
NEC,1731,NLD
Palermo FC,1730,ITA
FC Schalke 04,1728,DEU
Real Zaragoza,1728,ESP
Zorya Lugansk,1727,UKR
FC Luzern,1727,SUI
Venezia FC,1726,ITA
Racing Santander,1725,ESP
Aris Limassol,1724,CYP
Go Ahead Eagles,1724,NLD
SpVgg Greuther Fürth,1723,DEU
Burgos CF,1719,ESP
Sunderland AFC,1719,ENG
Sepsi OSK,1719,ROU
Racing Club de France,1718,FRA
Racing Ferrol,1717,ESP
FK Mladá Boleslav,1716,CZE
Sparta Rotterdam,1715,NLD
Piast Gliwice,1715,POL
Konyaspor,1714,TUR
Fatih Karagümrük SK,1712,TUR
Deportivo La Coruña,1711,ESP
KVC Westerlo,1710,BEL
Angers SCO,1709,FRA
CD Eldense,1709,ESP
AIK Solna,1709,SWE
Gil Vicente,1708,PRT
CSKA 1948 Sofia,1705,BGR
Watford FC,1705,ENG
NK Osijek,1705,HRV
Bohemians Praha 1905,1705,CZE
Kasimpasa SK,1704,TUR
Dinamo Minsk,1704,BLR
FC Cartagena,1703,ESP
Viborg FF,1702,DNK
Standard Liège,1701,BEL
Antalyaspor,1700,TUR
Karlsruher SC,1700,DEU
SD Huesca,1699,ESP
CD Mirandés,1699,ESP
Preston North End,1698,ENG
Debreceni VSC,1698,HUN
Hull City,1697,ENG
AS Saint-Étienne,1697,FRA
Sivasspor,1697,TUR
Zrinjski Mostar,1697,BIH
Oud-Heverlee Leuven,1696,BEL
Farul Constanta,1696,ROU
SD Compostela,1696,ESP
Górnik Zabrze,1696,POL
Kryvbas Kryvyi Rih,1694,UKR
FC Sheriff,1694,MDA
SC Farense,1694,PRT
Boavista,1692,PRT
Albacete,1689,ESP
IK Sirius,1689,SWE
Girondins Bordeaux,1688,FRA
1. FC Magdeburg,1688,DEU
Rio Ave FC,1687,PRT
Grasshopper Club Zürich,1687,SUI
Samsunspor,1686,TUR
MKE Ankaragücü,1686,TUR
Kecskeméti TE,1686,HUN
FK Jablonec,1685,CZE
Rosenborg BK,1685,NOR
Sporting Charleroi,1685,BEL
FK Pardubice,1684,CZE
SD Ponferradina,1684,ESP
Pontevedra CF,1684,ESP
SSC Bari,1683,ITA
Calcio Como,1683,ITA
Málaga CF,1682,ESP
Swansea City,1682,ENG
SK Austria Klagenfurt,1682,AUT
Gaziantep FK,1681,TUR
FC Winterthur,1680,SUI
Víkingur Reykjavík,1680,ISL
CD Santa Clara,1679,PRT
Kalmar FF,1679,SWE
Odense BK,1679,DNK
Plymouth Argyle,1679,ENG
FC DAC 1904,1678,SVK
Real Jaén,1677,ESP
GD Estoril,1677,PRT
FK Teplice,1677,CZE
TSC Backa Topola,1677,SRB
Mjällby AIF,1676,SWE
TSV Hartberg,1676,AUT
Slask Wroclaw,1676,POL
Grenoble Foot 38,1675,FRA
Hatayspor,1675,TUR
Wolfsberger AC,1674,AUT
Gyori ETO FC,1674,HUN
CD Guadalajara,1674,ESP
AEK Larnaca,1670,CYP
Sarpsborg 08,1670,NOR
IFK Värnamo,1670,SWE
Vorskla Poltava,1669,UKR
Lokomotiva Zagreb,1668,HRV
PFC Litex Lovech,1668,BGR
Casa Pia AC,1667,PRT
FC Hradec Králové,1667,CZE
SV 07 Elversberg,1667,DEU
SM Caen,1666,FRA
Olimpija Ljubljana,1666,SVN
Blackburn Rovers,1665,ENG
FC Andorra,1665,ESP
FC Sion,1663,SUI
FC Vizela,1663,PRT
Aalborg BK,1663,DNK
1. FC Kaiserslautern,1662,DEU
Universitatea Cluj,1662,ROU
Spezia Calcio,1662,ITA
HJK Helsinki,1662,FIN
Lillestrøm SK,1662,NOR
Lokomotiv Plovdiv,1662,BGR
FC Hermannstadt,1661,ROU
Real Unión,1660,ESP
EA Guingamp,1660,FRA
Strømsgodset IF,1659,NOR
Villarreal CF B,1658,ESP
1. FC Nürnberg,1658,DEU
Derby County,1657,ENG
sc Heerenveen,1655,NLD
Barnsley FC,1655,ENG
ESTAC Troyes,1654,FRA
GD Chaves,1653,PRT
Aberdeen FC,1653,SCO
Randers FC,1653,DNK
Paris FC,1653,FRA
Spartak Trnava,1652,SVK
Sampdoria,1652,ITA
Paphos FC,1652,CYP
Alanyaspor,1652,TUR
Portsmouth FC,1651,ENG
Çaykur Rizespor,1650,TUR
AC Ajaccio,1650,FRA
IFK Göteborg,1650,SWE
CD Numancia,1649,ESP
Bolton Wanderers,1649,ENG
Levadiakos,1649,GRC
SV Wehen Wiesbaden,1648,DEU
IFK Norrköping,1648,SWE
Kayserispor,1648,TUR
KS Cracovia,1647,POL
UTA Arad,1647,ROU
Sheffield Wednesday,1647,ENG
AC Pisa,1647,ITA
PEC Zwolle,1647,NLD
Barakaldo CF,1645,ESP
Huddersfield Town,1645,ENG
Lamia,1644,GRC
FC Universitatea Craiova,1644,ROU
UD Melilla,1644,ESP
CE Europa,1644,ESP
1. FC Saarbrücken,1642,DEU
Kilmarnock FC,1642,SCO
Kuopion PS,1642,FIN
Brescia Calcio,1641,ITA
Zalaegerszegi TE,1640,HUN
Birmingham City,1640,ENG
Rodez AF,1639,FRA
Atromitos,1639,GRC
Odds BK,1639,NOR
Modena FC,1639,ITA
FC Zlín,1634,CZE
Stoke City,1634,ENG
Recreativo Huelva,1633,ESP
AD Alcorcón,1633,ESP
Hércules CF,1633,ESP
Estrela Amadora,1632,PRT
Petrolul Ploiesti,1632,ROU
Asteras Tripolis,1632,GRC
Dynamo Dresden,1632,DEU
Borac Banja Luka,1630,BIH
SC Bastia,1630,FRA
Rukh Lviv,1629,UKR
Stade Lavallois,1628,FRA
FC Südtirol,1627,ITA
FKS Stal Mielec,1626,POL
AS Cittadella,1626,ITA
FK Cukaricki,1625,SRB
Budapest Honvéd,1623,HUN
Hibernian FC,1623,SCO
Cardiff City,1623,ENG
Neman Grodno,1623,BLR
Portimonense SC,1622,PRT
Reggina 1914,1621,ITA
Arda Kardzhali,1621,BGR
Vejle BK,1621,DNK
Vålerenga IF,1619,NOR
FK Haugesund,1619,NOR
NK Maribor,1619,SVN
Omonia Nikosia,1619,CYP
FC Lausanne-Sport,1619,SUI
Red Star FC,1619,FRA
FC Voluntari,1617,ROU
Újpest FC,1616,HUN
US Quevilly-Rouen,1616,FRA
Cosenza Calcio,1616,ITA
CS Marítimo,1615,PRT
SønderjyskE,1614,DNK
Ascoli Calcio,1613,ITA
Fortuna Sittard,1613,NLD
Eyüpspor,1613,TUR
Warta Poznan,1612,POL
Terrassa FC,1611,ESP
Gimnástica Torrelavega,1611,ESP
Eintracht Braunschweig,1611,DEU
UD Logroñés,1611,ESP
Pau FC,1609,FRA
Diósgyöri VTK,1609,HUN
SD Amorebieta,1608,ESP
AC Perugia Calcio,1608,ITA
Göztepe,1607,TUR
RKC Waalwijk,1607,NLD
UD Ibiza,1607,ESP
Hapoel Haifa,1606,ISR
Jahn Regensburg,1606,DEU
Yverdon Sport FC,1606,SUI
Millwall FC,1605,ENG
RWDM Brussels FC,1605,BEL
Otelul Galati,1605,ROU
Lyngby BK,1605,DNK
St. Mirren FC,1604,SCO
CD Castellón,1604,ESP
FC Sochaux,1603,FRA
CD Nacional,1602,PRT
Queens Park Rangers,1602,ENG
Peterborough United,1602,ENG
Radomiak Radom,1602,POL
Dynamo Ceské Budejovice,1602,CZE
US Concarneau,1601,FRA
CD Tondela,1601,PRT
SPAL 2013 Ferrara,1601,ITA
Amiens SC,1600,FRA
MŠK Žilina,1599,SVK
Chernomorets Odessa,1598,UKR
Polissya Zhytomyr,1597,UKR
Vitória Setúbal,1597,PRT
AE Lárissa,1597,GRC
MTK,1597,HUN
Korona Kielce,1597,POL
Willem II,1597,NLD
Benevento Calcio,1596,ITA
GS Kallithea,1596,GRC
The New Saints,1596,WLS
Hansa Rostock,1595,DEU
Hamarkameratene,1595,NOR
Shamrock Rovers,1595,IRL
Halmstads BK,1594,SWE
CD Lugo,1593,ESP
Kolos Kovalivka,1593,UKR
Gimnàstic,1593,ESP
Ternana Calcio,1593,ITA
O Elvas,1592,PRT
OFI Heraklion,1592,GRC
Apollon Limassol,1591,CYP
Kisvárda FC,1590,HUN
FK Astana,1590,KAZ
Botev Plovdiv,1589,BGR
FK Oleksandriya,1588,UKR
Anorthosis Famagusta,1588,CYP
Wisla Kraków,1587,POL
Heracles Almelo,1587,NLD
Zaglebie Lubin,1586,POL
União Torreense,1586,PRT
SV Sandhausen,1586,DEU
NK Varaždin,1584,HRV
Pendikspor,1584,TUR
BATE Borisov,1584,BLR
Vojvodina,1583,SRB
UD Alzira,1583,ESP
AC Reggiana 1919,1583,ITA
Vitesse,1582,NLD
Preußen Münster,1582,DEU
HNK Gorica,1581,HRV
Almere City FC,1581,NLD
Blackpool FC,1580,ENG
Sabah FK,1579,AZE
KV Kortrijk,1579,BEL
Lorca Deportiva,1579,ESP
US Catanzaro,1578,ITA
Caldas SC,1578,PRT
SV Zulte Waregem,1578,BEL
SSV Ulm 1846,1578,DEU
Sandefjord Fotball,1576,NOR
Foresta Suceava,1576,ROU
Slaven Belupo,1575,HRV
Dinamo Batumi,1574,GEO
Stabæk IF,1574,NOR
Shakhter Soligorsk,1574,BLR
Dundee FC,1573,SCO
Panetolikos,1573,GRC
Lechia Gdansk,1573,POL
SK Beveren,1572,BEL
Calcio Padova,1572,ITA
Motherwell FC,1571,SCO
Niki Volou FC,1571,GRC
Slavia Sofia,1571,BGR
MFK Ružomberok,1571,SVK
Panserraikos,1571,GRC
NK Istra 1961,1569,HRV
SBV Excelsior,1569,NLD
Arka Gdynia,1569,POL
Maccabi Netanya,1568,ISR
FC Groningen,1567,NLD
KV Oostende,1566,BEL
Wigan Athletic,1564,ENG
Budapesti Vasas,1564,HUN
Bodrumspor,1564,TUR
IF Brommapojkarna,1564,SWE
FC Blau Weiß Linz,1563,AUT
Torpedo-BelAZ Zhodino,1563,BLR
Mezokövesdi SE,1562,HUN
Velež Mostar,1562,BIH
FeralpiSalò,1560,ITA
FC Honka,1560,FIN
Borussia Dortmund II,1560,DEU
VfL Osnabrück,1559,DEU
Dundee United,1559,SCO
Dinamo Tbilisi,1559,GEO
Oxford United,1559,ENG
KRC Harelbeke,1557,BEL
Widzew Lódz,1557,POL
RAEC Mons,1556,BEL
PAS Giannina,1556,GRC
Paços de Ferreira,1555,PRT
Dukla Banská Bystrica,1555,SVK
FC Tirsense,1554,PRT
FK Ordabasy,1554,KAZ
Ironi Kiryat Shmona,1553,ISR
KSK Tongeren,1553,BEL
KF Shkupi,1553,MKD
FC Annecy,1553,FRA
FV Engers 07,1553,DEU
Académico de Viseu,1553,PRT
FC Thun Berner Oberland,1551,SUI
FC Botosani,1550,ROU
Derry City,1550,IRL
Istanbulspor AS,1550,TUR
Szombathelyi Haladás,1549,HUN
Volos NFC,1549,GRC
Västerås SK,1549,SWE
MFK Karviná,1548,CZE
Zbrojovka Brno,1547,CZE
Neftçi PFK,1547,AZE
FK Isloch Minsk,1547,BLR
Bnei Sachnin FC,1547,ISR
Hapoel Jerusalem,1546,ISR
USL Dunkerque,1546,FRA
Stade Lausanne-Ouchy,1546,SUI
Pécsi MFC,1545,HUN
Degerfors IF,1545,SWE
KAS Eupen,1545,BEL
Železiarne Podbrezová,1545,SVK
Reading FC,1544,ENG
CD Mafra,1544,PRT
Bnei Yehuda Tel Aviv,1543,ISR
PAE Chania,1542,GRC
Rotherham United,1542,ENG
Beitar Jerusalem,1542,ISR
FC Politehnica Iasi,1541,ROU
Inhulets Petrove,1541,UKR
Vaasan PS,1540,FIN
FK Aktobe,1540,KAZ
Dinamo Bucuresti,1539,ROU
TSV 1860 München,1539,DEU
Kristiansund BK,1539,NOR
Lincoln City,1538,ENG
Chamois Niortais,1538,FRA
MFK Vyškov,1538,CZE
União Leiria,1538,PRT
AVS,1537,PRT
FC Porto B,1536,PRT
KÍ Klaksvík,1536,FRO
Ionikos Nikea,1536,GRC
Puszcza Niepolomice,1535,POL
KFUM Oslo,1535,NOR
AS Trencín,1535,SVK
ADO Den Haag,1535,NLD
Lommel SK,1535,BEL
Arges Pitesti,1534,ROU
SCR Altach,1534,AUT
Rigas Futbola skola,1534,LVA
FC Ingolstadt 04,1533,DEU
FC Felgueiras 1932,1532,PRT
Pyunik FC,1532,ARM
Dijon FCO,1531,FRA
Gyirmót FC,1530,HUN
FC Fredericia,1530,DNK
Apollon Smyrnis,1529,GRC
FC Koper,1529,SVN
Stevenage FC,1528,ENG
K Beerschot VA,1528,BEL
Valenciennes FC,1527,FRA
Bruk-Bet Termalica Nieciecza,1527,POL
Budapesti VSC,1527,HUN
Baltyk Gdynia,1527,POL
Békéscsaba 1912 Elore SE,1527,HUN
FC Villefranche Beaujolais,1527,FRA
FC Martigues,1527,FRA
RAA La Louviéroise,1526,BEL
NK Bravo,1526,SVN
Arminia Bielefeld,1526,DEU
Riga FC,1524,LVA
Leyton Orient,1524,ENG
FC Yantra,1524,BGR
Lusitano GC,1524,PRT
FC Struga,1524,MKD
NŠ Mura,1523,SVN
Breiðablik,1523,ISL
Grazer AK,1523,AUT
Larne FC,1520,NIR
Sakaryaspor,1520,TUR
GAIS Göteborg,1520,SWE
KF Shkëndija 79,1520,MKD
SK Deinze,1520,BEL
CD Feirense,1519,PRT
FC LNZ Cherkasy,1519,UKR
FK Kairat,1518,KAZ
Erzgebirge Aue,1518,DEU
SV Ried,1517,AUT
Calcio Lecco 1912,1516,ITA
FC Alverca,1516,PRT
FC Aarau,1514,SUI
AEP Iraklis FC,1514,GRC
B-SAD,1514,PRT
Partick Thistle,1514,SCO
Chindia Târgoviste,1514,ROU
KF Ballkani,1513,KOS
Östers IF,1513,SWE
NK Veres,1513,UKR
Veszprém FC,1513,HUN
FK Novi Pazar,1513,SRB
Miedz Legnica,1512,POL
WSG Tirol,1510,AUT
Wycombe Wanderers,1510,ENG
Mansfield Town,1510,ENG
FK Dukla Praha,1510,CZE
FC Ashdod,1509,ISR
Maccabi Petach-Tikva,1509,ISR
AE Kifisias,1509,GRC
UD Vilafranquense,1509,PRT
Metalist Kharkiv,1508,UKR
Linfield FC,1508,NIR
SpVgg Unterhaching,1508,DEU
FCV Dender EH,1507,BEL
FC Bihor Oradea,1506,ROU
Fredrikstad FK,1506,NOR
SL Benfica B,1506,PRT
Polonia Warszawa,1506,POL
Inter Turku,1506,FIN
Hapoel Tel Aviv,1506,ISR
FC Volendam,1505,NLD
CS Petrocub,1504,MDA
Lokomotiv Sofia,1503,BGR
Wisla Plock,1503,POL
St Patricks Athletic,1503,IRL
AD Sanjoanense,1503,PRT
Zira FK,1502,AZE
Hutnik Kraków,1502,POL
Viktoria Köln,1502,DEU
FK Sarajevo,1502,BIH
Ilves Tampere,1501,FIN
PSFC Chernomorets,1498,BGR
Rot-Weiss Essen,1498,DEU
AS Nancy Lorraine,1498,FRA
St. Johnstone FC,1497,SCO
FK Partizani,1496,ALB
Kalamata,1496,GRC
Haka Valkeakoski,1495,FIN
Olympiakos Piraeus II,1495,GRC
Nîmes Olympique,1494,FRA
FK Voždovac,1494,SRB
Ümraniyespor,1493,TUR
SC Verl,1493,DEU
Metalist 1925 Kharkiv,1492,UKR
SJK Seinäjoki,1491,FIN
US Orléans,1490,FRA
Tobyl Kostanay,1490,KAZ
RKS Radomsko,1490,POL
Kocaelispor,1489,TUR
Bandirmaspor,1488,TUR
Ceahlaul Piatra Neamt,1487,ROU
Livingston FC,1485,SCO
FK Radnicki 1923,1485,SRB
Hvidovre IF,1484,DNK
Würzburger Kickers,1483,DEU
AC Horsens,1483,DNK
Stockport County,1483,ENG
MFK Skalica,1481,SVK
Valur Reykjavík,1480,ISL
Amora FC,1480,PRT
Vendée Les Herbiers,1480,FRA
AC Oulu,1479,FIN
Varzim SC,1479,PRT
Austria Lustenau,1478,AUT
Schwarz-Weiß Bregenz,1478,AUT
BB Erzurumspor,1477,TUR
Northampton Town,1477,ENG
KFC Dessel Sport,1476,BEL
Spartak Myjava,1476,SVK
ŠKF Sered,1476,SVK
Os Belenenses,1475,PRT
FC Penafiel,1475,PRT
Nyíregyháza Spartacus,1475,HUN
Ruch Chorzów,1475,POL
PFC Beroe,1474,BGR
Bristol Rovers,1474,ENG
FK Krumovgrad,1473,BGR
CFJ Mollerussa,1473,ESP
Wrexham AFC,1473,ENG
Inter Bratislava,1473,SVK
Maccabi Bnei Raina,1473,ISR
Hamrun Spartans,1472,MLT
Varbergs BoIS,1472,SWE
RNK Split,1472,HRV
Egnatia Rrogozhine,1472,ALB
SC Cambuur,1471,NLD
Burton Albion,1471,ENG
Aalesunds FK,1470,NOR
Hebar Pazardzhik,1470,BGR
Ankara Demirspor,1469,TUR
Raith Rovers,1469,SCO
GKS Tychy 71,1469,POL
HNK Šibenik,1469,HRV
Floridsdorfer AC,1469,AUT
UD Oliveirense,1468,PRT
NK Domžale,1468,SVN
Górnik Leczna,1468,POL
Swift Hesperange,1467,LUX
Cliftonville FC,1467,NIR
Greenock Morton FC,1466,SCO
Dundalk FC,1466,IRL
FK Gomel,1465,BLR
Ross County FC,1465,SCO
Boluspor,1465,TUR
FC Mynai,1464,UKR
Torpedo Kutaisi,1464,GEO
Gençlerbirligi,1463,TUR
Obolon-Brovar Kyiv,1462,UKR
FC Schaffhausen,1462,SUI
Budafoki MTE,1462,HUN
SC Beira-Mar,1461,PRT
Vendsyssel FF,1461,DNK
Mladost Lucani,1460,SRB
FC Rouen 1899,1460,FRA
FK Viagem Príbram,1459,CZE
FC Wil 1900,1458,SUI
Nea Salamina,1457,CYP
KF Tiranë,1457,ALB
FK Žalgiris,1457,LTU
Shelbourne FC,1457,IRL
Charlton Athletic,1456,ENG
Milton Keynes Dons,1456,ENG
KR Reykjavík,1456,ISL
FK MAS Táborsko,1455,CZE
Hapoel Kfar Saba,1454,ISR
Roda JC Kerkrade,1453,NLD
Çorum FK,1452,TUR
Jiul Petrosani,1452,ROU
IK Start,1451,NOR
Hapoel Hadera,1451,ISR
NAC Breda,1450,NLD
Cheltenham Town,1450,ENG
FC Ararat-Armenia,1450,ARM
Cambridge United,1450,ENG
Concordia Chiajna,1449,ROU
Exeter City,1449,ENG
Waldhof Mannheim,1449,DEU
FC Sellier & Bellot Vlašim,1449,CZE
Leixões SC,1449,PRT
SK Motorlet Praha,1448,CZE
FC Emmen,1448,NLD
Dila Gori,1448,GEO
Wuppertaler SV,1447,DEU
FC Vaduz,1447,SUI
Crewe Alexandra,1447,ENG
FK Panevežys,1447,LTU
NK Radomlje,1446,SVN
Tiszakécske,1446,HUN
Sariyer SK,1446,TUR
Pirin Blagoevgrad,1446,BGR
Gloria Buzau,1446,ROU
Stal Rzeszow,1446,POL
Dorogi FC,1445,HUN
GKS Katowice,1445,POL
Stade Briochin,1444,FRA
FK Slaviya Mozyr,1444,BLR
NK Zavrc,1444,SVN
Zawisza Bydgoszcz,1444,POL
MFK Chrudim,1444,CZE
Hannover 96 II,1443,DEU
BFC Siófok,1443,HUN
HNK Cibalia,1442,HRV
KA Akureyri,1442,ISL
De Graafschap,1442,NLD
PAOK Saloniki II,1442,GRC
FK Vllaznia,1441,ALB
Maritsa Plovdiv,1441,BGR
FC Mulhouse,1440,FRA
SK Líšen,1440,CZE
Hapoel Petach-Tikva,1439,ISR
Morecambe FC,1438,ENG
FC Gütersloh,1438,DEU
Hobro IK,1437,DNK
Manisa FK,1437,TUR
SV Meppen,1437,DEU
Vannes OC,1437,FRA
CS Sedan,1437,FRA
Bohemian FC,1436,IRL
Keçiörengücü,1436,TUR
FC Versailles,1434,FRA
Le Mans FC,1434,FRA
CD Trofense,1433,PRT
FC Bourg-Péronnas,1433,FRA
FK Buducnost Podgorica,1433,MNE
LKS Lódz,1433,POL
Spartak Subotica,1432,SRB
MSV Duisburg,1431,DEU
Olympique Alès,1431,FRA
Stade Poitevin,1431,FRA
Shrewsbury Town,1430,ENG
Östersunds FK,1429,SWE
AS Beauvais,1428,FRA
SFC Opava,1427,CZE
1. FC Phönix Lübeck,1427,DEU
III. Kerületi TVE,1426,HUN
Široki Brijeg,1426,BIH
SKN St. Pölten,1425,AUT
FK Napredak,1425,SRB
FK Minsk,1424,BLR
Motor Lublin,1424,POL
NK Šmartno,1424,SVN
Vysocina Jihlava,1424,CZE
LB Châteauroux,1424,FRA
Port Vale FC,1423,ENG
Turan-T IK,1423,AZE
AEL Limassol,1423,CYP
Sumgayit FK,1422,AZE
Glentoran FC,1422,NIR
Patro Eisden MM,1421,BEL
FK Tuzla City,1421,BIH
Kongsvinger IL,1421,NOR
Samgurali Tskhaltubo,1421,GEO
MFK Dubnica,1421,SVK
FK Slutsk,1419,BLR
RFC de Liège,1419,BEL
Septemvri Sofia,1419,BGR
UMF Stjarnan,1419,ISL
AC Bellinzona,1418,SUI
Odra Opole,1417,POL
Radnicki Niš,1417,SRB
SAS Épinal,1417,FRA
Podbeskidzie Bielsko-Biala,1417,POL
BFC Dynamo,1416,DEU
FK Kyzylzhar,1416,KAZ
CS Mioveni,1414,ROU
F91 Dudelange,1413,LUX
Drita Gjilan,1413,KOS
FK Varnsdorf,1413,CZE
Fleetwood Town,1413,ENG
Lyon - La Duchère,1412,FRA
Ethnikos Achna,1412,CYP
Hapoel Ramat Gan,1412,ISR
Energie Cottbus,1411,DEU
Hapoel Nir Ramat HaSharon,1411,ISR
Kaysar Kyzylorda,1411,KAZ
IK Brage,1411,SWE
Wiener Sport-Club,1410,AUT
Hallescher FC,1410,DEU
Gondomar SC,1410,PRT
Spartak Pleven,1409,BGR
VVV-Venlo,1409,NLD
Minyor Pernik,1408,BGR
Željeznicar Sarajevo,1408,BIH
Shakter Karaganda,1408,KAZ
Neuchâtel Xamax FCS,1408,SUI
FC Rapperswil-Jona,1408,SUI
Utsiktens BK,1408,SWE
MŠK Rimavská Sobota,1407,SVK
SC Freiburg II,1407,DEU
Atlético CP,1407,PRT
Progrès Niedercorn,1407,LUX
NK Karlovac,1406,HRV
Veria FC,1406,GRC
Académica de Coimbra,1406,PRT
Alemannia Aachen,1405,DEU
HŠK Posušje,1405,BIH
Sporting Covilhã,1404,PRT
Inverness CT,1404,SCO
Spartak Varna,1404,BGR
Vilaverdense FC,1404,PRT
Sloga Doboj,1403,BIH
FC Saburtalo,1402,GEO
Yeni Malatyaspor,1401,TUR
RSCA Futures,1401,BEL
Energetik-BGU Minsk,1401,BLR
Sanliurfaspor,1400,TUR
Bradford City,1400,ENG
Newport County,1400,ENG
Stade Plabennec,1400,FRA
Etar Veliko Tarnovo,1400,BGR
Sektzia Nes Tziona,1400,ISR
VfB Lübeck,1399,DEU
FK Makhtaaral,1399,KAZ
Skovshoved IF,1399,DNK
Falkirk FC,1399,SCO
FK Lviv,1399,UKR
FC Differdange 03,1398,LUX
US Avranches,1397,FRA
Makedonikos FC,1397,GRC
Bryne FK,1397,NOR
Eendracht Aalst,1397,BEL
Metalurg Zaporizhya,1396,UKR
Panthrakikos,1396,GRC
NK Zagreb,1396,HRV
Trelleborgs FF,1396,SWE
Rot-Weiß Oberhausen,1395,DEU
Kolding IF,1395,DNK
FC Dunav Ruse,1395,BGR
Kaposvári RFC,1395,HUN
FH Hafnarfjörður,1395,ISL
OFI Ierapetra,1394,GRC
FK Javor,1394,SRB
IMT Beograd,1394,SRB
Hapoel Nof HaGalil,1393,ISR
Le Puy Foot 43,1393,FRA
Almopos Arideas,1392,GRC
Anagennisi Karditsa,1392,GRC
Helsingborgs IF,1392,SWE
Ayr United,1392,SCO
NK Tabor Sežana,1391,SVN
NK Krka,1391,SVN
Jong Ajax,1391,NLD
Dinamo Brest,1390,BLR
FK Laktaši,1390,BIH
Botev Vratsa,1390,BGR
Egri FC,1390,HUN
GS Ilioupolis,1389,GRC
Vihren Sandanski,1389,BGR
Lyn Oslo,1389,NOR
AIA Tranbjerg,1388,DNK
SV Spakenburg,1388,NLD
Jong AZ,1388,NLD
Stade Nyonnais,1387,SUI
Skövde AIK,1387,SWE
Örebro SK,1387,SWE
FC 08 Homburg,1386,DEU
Chesterfield FC,1386,ENG
Giresunspor,1386,TUR
NK Vukovar 91,1385,HRV
DSV Leoben,1385,AUT
IFK Mariehamn,1385,FIN
Oriental de Lisboa,1384,PRT
Landskrona BoIS,1384,SWE
AEK Athen II,1384,GRC
AC Sparta Praha B,1384,CZE
Barrow AFC,1383,ENG
VSG Altglienicke,1383,DEU
FC Lahti,1383,FIN
Sebail FK,1383,AZE
Ankaraspor,1383,TUR
Lierse Kempenzonen,1382,BEL
Club NXT,1382,BEL
Chrobry Glogów,1381,POL
FK Rad Beograd,1381,SRB
Gabala FK,1381,AZE
FC Admira Wacker,1381,AUT
Hillerød GI,1380,DNK
Sandvikens IF,1380,SWE
KF Laçi,1380,ALB
FK Atyrau,1379,KAZ
VfB Oldenburg,1379,DEU
Hapoel Acre FC,1378,ISR
Lincoln Red Imps,1378,GIB
FK Sutjeska,1378,MNE
Stuttgarter Kickers,1377,DEU
FC Chambly,1377,FRA
NK Nafta,1377,SVN
FC Dordrecht,1377,NLD
FC Eindhoven,1377,NLD
Sogndal IL,1377,NOR
Mjøndalen IF,1376,NOR
Radnik Surdulica,1376,SRB
Accrington Stanley,1376,ENG
Sigma Olomouc B,1376,CZE
1899 Hoffenheim II,1375,DEU
SC Olhanense,1375,PRT
Notts County,1375,ENG
Aarhus Fremad,1374,DNK
Harrogate Town,1374,ENG
AFC Wimbledon,1373,ENG
Raufoss IL,1373,NOR
MVV,1373,NLD
GOAL FC,1372,FRA
RFC Seraing,1372,BEL
Sloboda Tuzla,1372,BIH
RFC Seraing,1372,BEL
Araz-Naxçivan PFK,1371,AZE
Frederikshavn FI,1370,DNK
Mladost GAT,1370,SRB
Sileks Kratovo,1370,MKD
KRC Genk II,1370,BEL
Salford City,1370,ENG
SV Spittal/Drau,1370,AUT
Slagelse B&I,1370,DNK
TSV Steinbach Haiger,1369,DEU
Fethiyespor,1369,TUR
NK Aluminij,1368,SVN
Resovia Rzeszów,1368,POL
Tranmere Rovers,1367,ENG
FK Taraz,1367,KAZ
FK Sloboda Užice,1367,SRB
Kauno Žalgiris,1366,LTU
FC Hlucín,1366,CZE
FK Akzhayik,1365,KAZ
VSK Aarhus,1364,DNK
Fortuna Köln,1364,DEU
Altinordu FK,1364,TUR
Tuzlaspor,1364,TUR
B.93 København,1363,DNK
Stal Stalowa Wola,1362,POL
Hapoel Rishon LeZion,1361,ISR
NK Rudeš,1361,HRV
NK Rogaška,1361,SVN
Gillingham FC,1361,ENG
Walsall FC,1360,ENG
MFK Zemplín Michalovce,1360,SVK
Airdrieonians FC,1360,SCO
ASM Belfort,1359,FRA
FK Vitebsk,1359,BLR
Maccabi Ahi Nazareth,1358,ISR
FK Decic Tuzi,1358,MNE
Norrby IF,1357,SWE
VV Katwijk,1357,NLD
ND Gorica,1356,SVN
Železnicar Pancevo,1356,SRB
FSV Zwickau,1355,DEU
KF Teuta Durrës,1354,ALB
FC Urartu,1354,ARM
FC La Chaux-de-Fonds,1353,SUI
Panachaiki GE,1353,GRC
Svoboda Ljubljana,1353,SVN
Marignane Gignac,1353,FRA
Adanaspor,1352,TUR
Sandnes Ulf,1352,NOR
Paris 13 Atletico,1352,FRA
FK Metalac,1350,SRB
Etoile Carouge FC,1350,SUI
Royal Francs Borains,1349,BEL
Tatabánya FC,1349,HUN
Eimsbütteler TV,1349,DEU
Queens Park FC,1348,SCO
Marek Dupnitza,1348,BGR
GIF Sundsvall,1347,SWE
NK Jedinstvo,1347,BIH
FK Cáslav,1347,CZE
NK GOŠK Gabela,1347,BIH
Connahs Quay Nomads,1347,WLS
Dunfermline Athletic,1347,SCO
Bærum SK,1347,NOR
Örgryte IS,1347,SWE
Åsane Fotball,1346,NOR
FK Kolubara,1346,SRB
AO Proodeftiki,1346,GRC
FK Loznica,1345,SRB
Hamburger SV II,1345,DEU
FC Viktoria 1889 Berlin,1345,DEU
Slavia Praha B,1344,CZE
Olympiakos Nikosia,1344,CYP
FC Stadlau,1344,AUT
First Vienna FC,1344,AUT
FC Helsingør,1343,DNK
Holstein Kiel II,1343,DEU
SK Vard,1342,NOR
FK Frýdek-Místek,1341,CZE
FK Pohronie,1340,SVK
FK Rabotnicki,1340,MKD
Esbjerg fB,1340,DNK
Altay Izmir,1340,TUR
Tatran Liptovský Mikuláš,1339,SVK
HB Tórshavn,1339,FRO
Makedonija GP,1338,MKD
De Treffers,1338,NLD
1. SK Prostejov,1338,CZE
AO Egaleo,1338,GRC
Crusaders FC,1338,NIR
Ethnikos Piraeus,1336,GRC
KF Llapi,1336,KOS
FK Ørn-Horten,1336,NOR
Västra Frölunda,1336,SWE
FC Carl Zeiss Jena,1336,DEU
FK Ústí nad Labem,1336,CZE
Enosis Neon Paralimni,1335,CYP
Viktoria Žižkov,1335,CZE
FK Jagodina,1335,SRB
FK Turan,1335,KAZ
Helmond Sport,1335,NLD
NK Dubrava,1335,HRV
Entente SSG,1335,FRA
Gefle IF,1334,SWE
FK Zlatibor,1334,SRB
FC Roskilde,1334,DNK
Diagoras FC,1334,GRC
Bayern München II,1333,DEU
SV Lafnitz,1333,AUT
AFC Eskilstuna,1333,SWE
Dalkurd FF,1333,SWE
KSZO Ostrowiec,1332,POL
IFK Luleå,1332,SWE
FK Sportist Svoge,1331,BGR
Akademija Pandev,1331,MKD
Hanácká Slávia Kromeríž,1331,CZE
Igman Konjic,1331,BIH
FC Alashkert,1331,ARM
Ranheim IL,1331,NOR
Zhetysu Taldykorgan,1331,KAZ
SK Gjøvik-Lyn,1330,NOR
Tatran Prešov,1330,SVK
Víkingur,1329,FRO
Galway United,1329,IRL
Næstved BK,1328,DNK
Celik Zenica,1328,BIH
Carlisle United,1327,ENG
FK Krupa,1326,BIH
FK Trinec,1325,CZE
Znicz Pruszków,1325,POL
FC Liefering,1323,AUT
Eik Tønsberg,1323,NOR
FC Teutonia 05,1323,DEU
SR Delémont,1322,SUI
Hamilton Academical,1322,SCO
Rudar Velenje,1322,SVN
FC Milsami,1322,MDA
Pogon Siedlce,1322,POL
US Colomiers,1321,FRA
Floriana FC,1321,MLT
TSV Havelse,1321,DEU
SV Rödinghausen,1321,DEU
Amsterdamsche FC,1321,NLD
Jönköpings Södra IF,1321,SWE
FC Prishtina,1320,KOS
Crawley Town,1320,ENG
SO Cholet,1320,FRA
Sligo Rovers,1320,IRL
Tampere United,1320,FIN
KTP,1319,FIN
AB Gladsaxe,1319,DNK
Quick Boys,1319,NLD
Jong PSV,1319,NLD
Strindheim IL,1318,NOR
OKS Stomil Olsztyn,1317,POL
Kapfenberger SV 1919,1317,AUT
Falkenbergs FF,1316,SWE
Acharnaikos FC,1316,GRC
Denizlispor,1316,TUR
BK Frem København,1316,DNK
Radnik Bijeljina,1315,BIH
Frigg Oslo FK,1315,NOR
FC Košice,1315,SVK
Excelsior Virton,1314,BEL
Siarka Tarnobrzeg,1314,POL
FC Borgo,1314,FRA
Türkgücü München,1314,DEU
HB Køge,1314,DNK
Moss FK,1314,NOR
Zlaté Moravce,1314,SVK
Austria Salzburg,1313,AUT
GFK Tikvesh,1313,MKD
FK Okzhetpes,1313,KAZ
FK Indija,1312,SRB
Wisla Pulawy,1312,POL
Leotar Trebinje,1312,BIH
FC Trollhättan,1312,SWE
Vanløse IF,1312,DNK
Karmiotissa Polemidion,1311,CYP
FK Jerv,1310,NOR
NK Krško,1310,SVN
SV Drochtersen/Assel,1310,DEU
Drogheda United,1309,IRL
Vitosha Bistritsa,1308,BGR
Sandecja Nowy Sacz,1308,POL
Hyères FC,1307,FRA
Maccabi Kabilio Jaffa,1307,ISR
SV Horn,1305,AUT
Doncaster Rovers,1305,ENG
Ekenäs IF,1305,FIN
Samaxi FK,1305,AZE
KRC Mechelen,1305,BEL
Rot-Weiß Erfurt,1304,DEU
Umeå FC,1304,SWE
FK Kapaz,1304,AZE
VfB Stuttgart II,1303,DEU
1. FC Bocholt,1303,DEU
Kickers Offenbach,1302,DEU
TPS Turku,1301,FIN
FC Schalke 04 II,1301,DEU
KF Skënderbeu,1301,ALB
B 1909 Odense,1300,DNK
Fremad Amager,1300,DNK
FC Telavi,1299,GEO
Brønshøj BK,1299,DNK
Swindon Town,1299,ENG
Zaglebie Sosnowiec,1298,POL
Greifswalder FC,1298,DEU
FK Loko Vltavín,1298,CZE
NK Triglav,1297,SVN
Olimpia Elblag,1297,POL
HHC Hardenberg,1296,NLD
IL Hødd,1296,NOR
Radnicki Beograd,1295,SRB
Slavija Sarajevo,1295,BIH
FC Noah,1294,ARM
Kaspiy Aktau,1294,KAZ
FK Aksu,1293,KAZ
Zvijezda Gradacac,1292,BIH
FC St. Pauli II,1292,DEU
Usakspor,1292,TUR
Alta IF,1291,NOR
Weiche Flensburg 08,1291,DEU
FK Rudar,1290,BIH
FC Gagra,1290,GEO
Chojniczanka Chojnice,1290,POL
KSV Oudenaarde,1290,BEL
Garbarnia Krakow,1290,POL
FK Mornar,1290,MNE
Rijnsburgse Boys,1289,NLD
Kastrup BK,1289,DNK
KF Bylis Ballsh,1289,ALB
FK Bregalnica Štip,1288,MKD
Panathinaikos II,1287,GRC
Arbroath FC,1287,SCO
Valmiera FC,1286,LVA
FK Kukësi,1286,ALB
FC Hegelmann,1286,LTU
FK Jezero,1285,MNE
Ermis Aradippou,1284,CYP
HPS Helsinki,1284,FIN
Grimsby Town,1283,ENG
Vardar Skopje,1283,MKD
Fylkir Reykjavík,1283,ISL
1. FC Köln II,1282,DEU
Thisted FC,1282,DNK
KF Dukagjini,1282,KOS
CS Chênois,1281,SUI
Asker SK,1281,NOR
Atlantis FC,1280,FIN
Skive IK,1279,DNK
Apollon Lárissa,1279,GRC
FK Smederevo,1279,SRB
FK Mjølner,1279,NOR
FC Flora,1279,EST
SV Babelsberg 03,1278,DEU
GKS Jastrzebie,1278,POL
SC/ESV Parndorf,1277,AUT
Buducnost Banovici,1277,BIH
ÍBV Vestmannaeyjar,1276,ISL
Hoogstraten VV,1276,BEL
Notodden FK,1275,NOR
SC Neusiedl/See 1919,1275,AUT
Telstar,1275,NLD
SC Kriens,1274,SUI
FK Smorgon,1273,BLR
Hellerup IK,1273,DNK
Hønefoss BK,1272,NOR
1. FC Düren,1272,DEU
Naftan Novopolotsk,1272,BLR
Chemnitzer FC,1272,DEU
OTP,1271,FIN
FC Dinamo City,1270,ALB
FC Wohlen,1270,SUI
Pors Grenland,1269,NOR
Akritas Chlorakas,1269,CYP
Dighenis Morphou,1269,CYP
1. FSV Mainz 05 II,1269,DEU
AO Giouchtas,1269,GRC
SV Stripfing/Weiden,1269,AUT
IF Gnistan,1269,FIN
Pierikos Katerini,1267,GRC
Hertha BSC II,1267,DEU
Othellos Athienou,1267,CYP
1. FC Lok Leipzig,1267,DEU
Ullensaker/Kisa IL,1266,NOR
KF Malisheva,1266,KOS
ÍA Akranes,1266,ISL
DJK Vilzing,1266,DEU
TSV Aubstadt,1266,DEU
KS Kastrioti,1266,ALB
Nykøbing FC,1265,DNK
Ljungskile SK,1265,SWE
Doxa Katokopias,1264,CYP
Rovaniemi PS,1264,FIN
KS Polkowice,1264,POL
Colchester United,1263,ENG
Kremser SC,1263,AUT
BSG Chemie Leipzig,1263,DEU
Enköpings SK FK,1262,SWE
FC Zimbru,1262,MDA
Standard Liège II,1261,BEL
Birkirkara FC,1260,MLT
1. FC Kaan-Marienborn,1260,DEU
Panelefsiniakos Elefsinas,1260,GRC
ÅIFK Turku,1259,FIN
Bromley FC,1259,ENG
Aiolikos Mytilinis,1259,GRC
Iraklis Larissa,1258,GRC
Vasalunds IF,1258,SWE
Skra Czestochowa,1257,POL
Waterford FC,1257,IRL
FSV Frankfurt,1256,DEU
Koninklijke HFC,1255,NLD
Werder Bremen II,1255,DEU
Hibernians FC,1254,MLT
Strømmen IF,1253,NOR
Kozani FC,1253,GRC
Eintracht Norderstedt,1252,DEU
Jong FC Utrecht,1252,NLD
Vorwärts Steyr,1252,AUT
FC Den Bosch,1251,NLD
FC Samtredia,1250,GEO
KF Gostivari,1250,MKD
Apollon Pontou,1250,GRC
Sutton United,1249,ENG
SC Wiedenbrück,1249,DEU
Gzira United,1249,MLT
TOP Oss,1248,NLD
Orduspor,1246,TUR
FC Sfîntul Gheorghe,1246,MDA
Arsenal Dzerzhinsk,1246,BLR
APS Zakynthos,1246,GRC
SKU Amstetten,1245,AUT
Polonia Bytom,1244,POL
HK Kópavogur,1244,ISL
Thesprotos,1244,GRC
SpVgg Bayreuth,1244,DEU
FC Iskra-Stal,1244,MDA
KF Gjilani,1243,KOS
Eintracht Frankfurt II,1243,DEU
Cork City,1242,IRL
Union Titus Pétange,1241,LUX
Keflavík ÍF,1241,ISL
Fram Reykjavík,1238,ISL
Zvijezda 09 Bijeljina,1236,BIH
FC Balti,1236,MDA
AE Zakakiou,1236,CYP
Bala Town,1236,WLS
SG Barockstadt Fulda-Lehnerz,1235,DEU
1. FC Schweinfurt 05,1235,DEU
Belshina Bobruisk,1234,BLR
Tromsdalen UIL,1234,NOR
Louhans-Cuiseaux,1234,FRA
FK Zeta,1234,MNE
Brabrand IF,1233,DNK
AO Tilikratis,1233,GRC
Cove Rangers,1232,SCO
FA Šiauliai,1232,LTU
Fortuna Düsseldorf II,1230,DEU
FK Liepaja,1230,LVA
FK Arsenal Tivat,1230,MNE
FK Macva Šabac,1230,SRB
Grorud IL,1229,NOR
Kampaniakos FC,1229,GRC
Bor. Mönchengladbach II,1229,DEU
FC Baden,1228,SUI
SC Brühl,1228,SUI
FSV 63 Luckenwalde,1227,DEU
OFK Petrovac,1227,MNE
Erzeni Shijak,1227,ALB
B36 Tórshavn,1227,FRO
Rapid Wien (A),1227,AUT
AO Episkopi,1226,GRC
FC Augsburg II,1225,DEU
Blau-Weiß Lohne,1225,DEU
Mika FC,1223,ARM
Levanger FK,1223,NOR
FK Bokelj,1222,MNE
FK Skopje,1221,MKD
FK Karvan,1221,AZE
NK Brotnjo,1221,BIH
Metalurgi Rustavi,1221,GEO
PAEEK,1220,CYP
GVVV,1219,NLD
FK Voska Sport,1218,MKD
Alloa Athletic,1217,SCO
Coleraine FC,1217,NIR
RFCU Luxemburg,1217,LUX
SC Cham,1216,SUI
IL Stjørdals-Blink,1215,NOR
Flamurtari Vlorë,1215,ALB
Queen Of The South,1213,SCO
FC Bulle,1213,SUI
Sioni Bolnisi,1211,GEO
Oldham Athletic,1211,ENG
Helsingfors IFK,1210,FIN
FK Modrica,1209,BIH
Jeunesse Esch,1209,LUX
FC Kobuleti,1209,GEO
KS Besa,1208,ALB
Altrincham FC,1207,ENG
FK Kozara,1207,BIH
Schwarz-Weiß Rehden,1206,DEU
Bremer SV,1206,DEU
SAK Klagenfurt,1206,AUT
Bahlinger SC,1205,DEU
FK Auda,1204,LVA
BK Marienlyst,1204,DNK
SSV Jeddeloh II,1204,DEU
UNA Strassen,1202,LUX
US Mondorf,1202,LUX
Barnet FC,1202,ENG
FC-Astoria Walldorf,1202,DEU
FK Arendal,1201,NOR
Favoritner AC,1200,AUT
Forest Green Rovers,1199,ENG
KF Trepça89,1198,KOS
Austria Wien II,1198,AUT
Sturm Graz (A),1197,AUT
Gandzasar Kapan,1197,ARM
Irodotos,1197,GRC
SGV Freiberg,1196,DEU
Montrose FC,1195,SCO
FK Grbalj Radanovici,1195,MNE
FK Mandalskameratene,1195,NOR
Solihull Moors,1193,ENG
Gateshead FC,1192,ENG
KF Apolonia Fier,1192,ALB
FK Podgorica,1191,MNE
Husqvarna FF,1191,SWE
Jong Almere City FC,1191,NLD
Glenavon FC,1190,NIR
Jong Sparta Rotterdam,1189,NLD
VV Noordwijk,1189,NLD
Cardiff Metropolitan,1189,WLS
Hessen Kassel,1188,DEU
St. Josephs FC,1186,GIB
MNK Izola,1184,SVN
Kamenica Sasa,1184,MKD
Balzan FC,1183,MLT
KS Besëlidhja Lezhë,1182,ALB
1. FC Nürnberg II,1181,DEU
FC Prut Leova,1180,MDA
ACV Assen,1180,NLD
Skeid Fotball,1180,NOR
Sliema Wanderers,1179,MLT
FCI Levadia,1177,EST
Southend United,1176,ENG
MP Mikkeli,1176,FIN
KF Ferizaj,1175,KOS
FV Illertissen,1175,DEU
FC Dornbirn,1175,AUT
FF Jaro,1175,FIN
Guria Lanchkhuti,1174,GEO
Halifax Town,1174,ENG
Slough Town,1173,ENG
SJK Akatemia,1173,FIN
FK Pelister,1173,MKD
Aldershot Town,1172,ENG
TSG Balingen,1172,DEU
GBK Kokkola,1171,FIN
Fjölnir Reykjavík,1171,ISL
TuS Koblenz,1170,DEU
Dnepr Mogilev,1169,BLR
Rochdale AFC,1169,ENG
VV UNA,1168,NLD
Leiknir Reykjavík,1168,ISL
Valletta FC,1166,MLT
SpVgg Ansbach,1166,DEU
SC Paderborn 07 II,1166,DEU
FK Iskra Danilovgrad,1164,MNE
Berliner AK 07,1164,DEU
Nybergsund IL-Trysil,1162,NOR
SV Lippstadt 08,1162,DEU
SpVgg Greuther Fürth II,1160,DEU
PAO Rouf,1160,GRC
Kelty Hearts,1160,SCO
VfR Aalen,1159,DEU
FK Rudar Pljevlja,1159,MNE
Viktoria Aschaffenburg,1158,DEU
Wacker Burghausen,1157,DEU
Dacia Buiucani,1156,MDA
Mosta FC,1156,MLT
Jedinstvo Bijelo Polje,1155,MNE
Elverum Fotball,1155,NOR
Hartlepool United,1154,ENG
ZFC Meuselwitz,1152,DEU
VfV Hildesheim,1150,DEU
FK KOM Podgorica,1149,MNE
OFK Mladost Donja Gorica,1149,MNE
FC Merani Martvili,1147,GEO
Penybont FC,1147,WLS
Lokomotiv Tbilisi,1146,GEO
IJsselmeervogels,1146,NLD
PK-35 Vantaa,1145,FIN
FC Ararat,1144,ARM
Hansa Rostock II,1143,DEU
FK Suduva,1142,LTU
TEC VV,1142,NLD
AO Agia Napa,1142,CYP
AFC Fylde,1141,ENG
VV Sint Bavo,1140,NLD
FK Belasica,1138,MKD
Newtown AFC,1132,WLS
Victoria Rosport,1131,LUX
SVV Scheveningen,1130,NLD
Rot Weiss Ahlen,1129,DEU
FC Meyrin,1127,SUI
Dagenham & Redbridge,1126,ENG
FC Kufstein,1126,AUT
Wormatia Worms,1125,DEU
Torquay United,1125,ENG
Carrick Rangers,1124,NIR
SG Wattenscheid 09,1123,DEU
FC Wiltz 71,1123,LUX
WIT Georgia,1122,GEO
Kuopion Elo,1122,FIN
Rot-Weiß Koblenz,1120,DEU
Luftëtari Gjirokastër,1119,ALB
KPV Kokkola,1118,FIN
Sopoti Librazhd,1116,ALB
VfB Eichstätt,1112,DEU
FK Riteriai,1112,LTU
Dungannon Swifts,1111,NIR
Boreham Wood,1110,ENG
Inter Club dEscaldes,1110,AND
Atlas Delmenhorst,1110,DEU
SV Lichtenberg 47,1109,DEU
York City,1107,ENG
FK Teteks,1107,MKD
Kolkheti Poti,1105,GEO
Stirling Albion FC,1104,SCO
Stenhousemuir FC,1102,SCO
Woking FC,1102,ENG
Eastleigh FC,1101,ENG
UC Dublin,1101,IRL
FK Tomori Berat,1099,ALB
FK Ohrid,1098,MKD
VIFK Vaasa,1096,FIN
FC Zugdidi,1096,GEO
SalPa,1096,FIN
Wealdstone FC,1094,ENG
Shukura Kobuleti,1093,GEO
BKMA Yerevan,1091,ARM
Caernarfon Town,1091,WLS
Dinamo-Auto,1091,MDA
Europa FC,1091,GIB
KS Korabi Peshkopi,1090,ALB
Kickers Emden,1089,DEU
FC Jazz Pori,1089,FIN
Excelsior Maassluis,1088,NLD
FC Wegberg-Beeck,1088,DEU
FK Gostivar,1087,MKD
IF Vestri,1087,ISL
FK Drenica,1086,KOS
KF Tërbuni Pukë,1085,ALB
KF Fushë Kosova,1085,KOS
Marsaxlokk FC,1085,MLT
Kozakken Boys,1084,NLD
Kidderminster Harriers,1084,ENG
FK Pobeda Junior,1083,MKD
Ballymena United,1083,NIR
Musan Salama,1083,FIN
CS FOLA Esch,1082,LUX
Omonia Aradippou,1082,CYP
Jadran Dekani,1082,SVN
Grankulla IFK,1081,FIN
Ebbsfleet United,1081,ENG
Jong FC Volendam,1080,NLD
NK Bosna Visoko,1080,BIH
Afturelding,1079,ISL
KS Shkumbini,1078,ALB
Kórdrengir,1078,ISL
Eintracht Trier,1077,DEU
FK Šilute,1076,LTU
SSVg Velbert,1076,DEU
Portadown FC,1072,NIR
KF Feronikeli,1071,KOS
Maidenhead United,1070,ENG
SV 19 Straelen,1069,DEU
FC Džiugas,1069,LTU
FK Banga Gargždai,1069,LTU
FK MOIK Baku,1067,AZE
Haverfordwest County,1065,WLS
FC Khobi,1065,GEO
TSV Buchbach,1064,DEU
Alfreton Town,1064,ENG
FC Mondercange,1063,LUX
Loughgall FC,1062,NIR
FK Spartaks,1061,LVA
KF Liria,1060,KOS
ADO 20,1060,NLD
FK Van,1058,ARM
KF Lushnja,1057,ALB
Þór Akureyri,1055,ISL
FC Eilenburg,1055,DEU
FK Tukums 2000,1054,LVA
Víðir Garður,1053,ISL
FC Lisse,1053,NLD
DFK Dainava,1052,LTU
UN Käerjéng,1051,LUX
JäPS,1051,FIN
Paide Linnameeskond,1049,EST
Etzella Ettelbruck,1049,LUX
Annan Athletic,1047,SCO
KS Burreli,1046,ALB
TSV Schott Mainz,1046,DEU
Dorking Wanderers,1045,ENG
Marisca Mersch,1045,LUX
Shirak FC,1043,ARM
FCB Magpies,1042,GIB
KäPa,1042,FIN
JJK Jyväskylä,1042,FIN
BVV Barendrecht,1041,NLD
Cobh Ramblers,1039,IRL
Kilia Kiel,1039,DEU
KS Pogradeci,1039,ALB
Eintracht Bamberg,1037,DEU
BFC Daugavpils,1035,LVA
Treaty United,1033,IRL
Germania Halberstadt,1032,DEU
Yeovil Town,1032,ENG
Wexford FC,1032,IRL
Naxxar Lions FC,1032,MLT
FC Kilikia,1031,ARM
Sirens FC,1030,MLT
FK Berane,1028,MNE
Finn Harps,1028,IRL
SC Spelle-Venhaus,1028,DEU
TSV 1896 Rain,1027,DEU
UMF Grindavík,1026,ISL
Bangor FC,1024,NIR
Grótta,1023,ISL
Jippo,1022,FIN
07 Vestur,1022,FRO
NSÍ Runavík,1021,FRO
FC Schifflange 95,1019,LUX
Jeunesse Canach,1018,LUX
PEPO Lappeenranta,1018,FIN
Peterhead FC,1013,SCO
Dumbarton FC,1011,SCO
FS Jelgava,1011,LVA
St. Lucija FC,1010,MLT
Kings Lynn,1010,ENG
Sparta Selemet,1010,MDA
US Hostert,1009,LUX
TeBe Berlin,1004,DEU
OFC Oostzaan,1003,NLD
Warrenpoint Town,1002,NIR
Longford Town,1002,IRL
Flint Town United,1001,WLS
FC Santa Coloma,1001,AND
FC West Armenia,1000,ARM
Pontypridd United,1000,WLS
ÍR Reykjavík,1000,ISL
Red Star Merl,999,LUX
Carmarthen Town,996,WLS
SpVgg Hankofen-Hailing,995,DEU
Ballinamallard United FC,995,NIR
Ards FC,994,NIR
The Spartans FC,993,SCO
Barry Town United,992,WLS
Athlone Town,990,IRL
TSG Neustrelitz,989,DEU
FC Oberneuland,989,DEU
Scunthorpe United,987,ENG
SV Schalding-Heining,983,DEU
Limavady United,982,NIR
Institute FC Drumahoe,982,NIR
Chester FC,982,ENG
Edinburgh City,981,SCO
JK Nõmme Kalju,980,EST
Gudja United,980,MLT
CS Grevenmacher,977,LUX
UMF Selfoss,975,ISL
US Mertert/Wasserbillig,974,LUX
ASWH Ido-Ambacht,973,NLD
SV Heimstetten,973,DEU
FC Floresti,973,MDA
Newry City FC,972,NIR
FS Metta/LU,971,LVA
CF Gagauzia,971,MDA
Oxford City,970,ENG
Haukar Hafnarfjörður,969,ISL
Ballyclare Comrades,966,NIR
UMF Njarðvík,965,ISL
Forfar Athletic,965,SCO
Þróttur Reykjavík,964,ISL
Atlétic Escaldes,963,AND
FC Memmingen,959,DEU
East Fife FC,959,SCO
Bray Wanderers,957,IRL
FC Rodange 91,956,LUX
Lisburn Distillery,955,NIR
Zejtun Corinthians,951,MLT
SP La Fiorita,951,SMR
Maidstone United,949,ENG
US Rumelange,949,LUX
UE Santa Coloma,944,AND
Sporting Mertzig,944,LUX
Armagh City FC,943,NIR
Prestatyn Town,940,WLS
Bonnyrigg Rose Athletic,940,SCO
FC Red-Black/Egalite 07,939,LUX
Lernayin Artsakh,939,ARM
Aberystwyth Town,938,WLS
Albion Rovers,936,SCO
Young Boys Diekirch,936,LUX
FC Pipinsried,935,DEU
SC Bettembourg,933,LUX
Pargas IF,929,FIN
Weymouth FC,929,ENG
Avenir Beggen,929,LUX
FC Mamer 32,919,LUX
ÍF Magni,918,ISL
Union 05 Kayl-Tétange,918,LUX
Llandudno FC,916,WLS
Stranraer FC,906,SCO
Mold Alexandra,905,WLS
B68 Toftir,904,FRO
Clyde FC,902,SCO
Llanidloes Town FC,901,WLS
SP Tre Penne,900,SMR
EB/Streymur,894,FRO
Zebbug Rangers,894,MLT
Cwmbran Town,890,WLS
US Esch,888,LUX
Lynx FC,887,GIB
Holywell Town,886,WLS
Llanelli Town,879,WLS
Mons Calpe S.C.,879,GIB
Elgin City,878,SCO
The Belval Belvaux,873,LUX
Pietá Hotspurs,872,MLT
KV Vesturbæjar,871,ISL
Cowdenbeath FC,870,SCO
Porthmadog FC,867,WLS
ÍF Völsungur,866,ISL
MB Miðvágur,865,FRO
SS Virtus,864,SMR
Afan Lido FC,858,WLS
SP Tre Fiori,848,SMR
KF Fjallabyggðar,848,ISL
SS Cosmos,843,SMR
Koeppchen Wormeldange,842,LUX
Colwyn Bay FC,840,WLS
JK Tallinna Kalev,834,EST
AB Argir,831,FRO
SK Super Nova,819,LVA
FC Kuressaare,815,EST
Conwy Borough FC,812,WLS
Ægir,799,ISL
Þróttur Vogum,791,ISL
FC Suðuroy,789,FRO
Brechin City FC,789,SCO
Skála ÍF,787,FRO
Briton Ferry Athletic,782,WLS
FK Jonava,780,LTU
ÍF Fuglafjørður,776,FRO
JK Narva Trans,772,EST
Cefn Druids,769,WLS
Tulevik Viljandi,768,EST
Caersws FC,766,WLS
Manchester 62 FC,755,GIB
Airbus UK,751,WLS
Kerry FC,747,IRL
B71 Sandoy,731,FRO
Pärnu JK Vaprus,720,EST
JK Tammeka,720,EST
UE Sant Julià,717,AND
FC Ordino,701,AND
TB Tvøroyri,701,FRO
Glacis United FC,696,GIB
Tallinna JK Legion,692,EST
Pärnu JK,679,EST
Penya Encarnada,644,AND
UE Engordany,644,AND
SS Folgore/Falciano,630,SMR
SS Murata,628,SMR
FC Fiorentino,605,SMR
Europa Point FC,591,GIB
Harju JK,587,EST
AC Juvenes/Dogana,586,SMR
AC Libertas,585,SMR
Lions Gibraltar,577,GIB
FC Domagnano,548,SMR
FC Pas de la Casa,539,AND
CE Carroi,528,AND
SS San Giovanni,521,SMR
SC Faetano,518,SMR
CF Esperança dAndorra,499,AND
College 1975 FC,496,GIB
CF Atlètic Amèrica,482,AND
San Marino Academy,401,SMR
SS Pennarossa,376,SMR
SP Cailungo,362,SMR
